gene_id	flanks
ENSG00000116691.11	12019266-12019666
ENSG00000116691.11	12019298-12019698
ENSG00000116691.11	12019352-12019752
ENSG00000116691.11	12021445-12021845
ENSG00000116691.11	12021640-12022040
ENSG00000116691.11	12021895-12022295
ENSG00000116691.11	12022022-12022422
ENSG00000143537.14	155060563-155060963
ENSG00000143537.14	155060632-155061032
ENSG00000143537.14	155061704-155062104
ENSG00000143537.14	155061775-155062175
ENSG00000143537.14	155061917-155062317
ENSG00000143537.14	155061961-155062361
ENSG00000143537.14	155062045-155062445
ENSG00000143537.14	155062169-155062569
ENSG00000160789.24	156082984-156083384
ENSG00000160789.24	156106458-156106858
ENSG00000160789.24	156106498-156106898
ENSG00000160789.24	156106623-156107023
ENSG00000160789.24	156114470-156114870
ENSG00000160789.24	156114511-156114911
ENSG00000160789.24	156114513-156114913
ENSG00000160789.24	156114522-156114922
ENSG00000160789.24	156114591-156114991
ENSG00000160789.24	156114638-156115038
ENSG00000160789.24	156114711-156115111
ENSG00000162706.13	159171559-159171959
ENSG00000162706.13	159171653-159172053
ENSG00000162706.13	159189571-159189971
ENSG00000162706.13	159189672-159190072
ENSG00000162706.13	159191736-159192136
ENSG00000162706.13	159191876-159192276
ENSG00000215790.8	1739357-1739757
ENSG00000215790.8	1739504-1739904
ENSG00000215790.8	1744051-1744451
ENSG00000215790.8	1745524-1745924
ENSG00000215790.8	1745719-1746119
ENSG00000008130.15	1765246-1765646
ENSG00000008130.15	1778089-1778489
ENSG00000008130.15	1778219-1778619
ENSG00000008130.15	1778220-1778620
ENSG00000008130.15	1778270-1778670
ENSG00000008130.15	1779705-1780105
ENSG00000008130.15	1779762-1780162
ENSG00000008130.15	1779829-1780229
ENSG00000008130.15	1779869-1780269
ENSG00000134369.16	201718555-201718955
ENSG00000134369.16	201739644-201740044
ENSG00000134369.16	201739668-201740068
ENSG00000134369.16	201780221-201780621
ENSG00000134369.16	201780323-201780723
ENSG00000134369.16	201780359-201780759
ENSG00000134369.16	201789540-201789940
ENSG00000134369.16	201789592-201789992
ENSG00000134369.16	201790354-201790754
ENSG00000134369.16	201790377-201790777
ENSG00000134369.16	201790489-201790889
ENSG00000134369.16	201790566-201790966
ENSG00000058673.17	203795423-203795823
ENSG00000058673.17	203795454-203795854
ENSG00000058673.17	203795460-203795860
ENSG00000058673.17	203795471-203795871
ENSG00000058673.17	203795486-203795886
ENSG00000058673.17	203795495-203795895
ENSG00000058673.17	203795499-203795899
ENSG00000058673.17	203795506-203795906
ENSG00000058673.17	203795514-203795914
ENSG00000058673.17	203795575-203795975
ENSG00000058673.17	203795594-203795994
ENSG00000058673.17	203796093-203796493
ENSG00000058673.17	203796251-203796651
ENSG00000058673.17	203801375-203801775
ENSG00000058673.17	203801428-203801828
ENSG00000162873.15	205343398-205343798
ENSG00000162873.15	205343489-205343889
ENSG00000162873.15	205343498-205343898
ENSG00000162873.15	205343593-205343993
ENSG00000162873.15	205343934-205344334
ENSG00000162873.15	205343982-205344382
ENSG00000162873.15	205343996-205344396
ENSG00000162873.15	205356333-205356733
ENSG00000162873.15	205356369-205356769
ENSG00000162873.15	205356378-205356778
ENSG00000117298.16	21289870-21290270
ENSG00000117298.16	21289956-21290356
ENSG00000117298.16	21290057-21290457
ENSG00000117298.16	21290164-21290564
ENSG00000117298.16	21290263-21290663
ENSG00000117298.16	21290264-21290664
ENSG00000117298.16	21345176-21345576
ENSG00000117298.16	21345304-21345704
ENSG00000117298.16	21345372-21345772
ENSG00000158062.21	26302613-26303013
ENSG00000158062.21	26302718-26303118
ENSG00000158062.21	26302816-26303216
ENSG00000158062.21	26302843-26303243
ENSG00000158062.21	26302967-26303367
ENSG00000158062.21	26306376-26306776
ENSG00000158062.21	26306392-26306792
ENSG00000158062.21	26306409-26306809
ENSG00000158062.21	26306420-26306820
ENSG00000158062.21	26306432-26306832
ENSG00000158062.21	26306433-26306833
ENSG00000158062.21	26306436-26306836
ENSG00000158062.21	26306440-26306840
ENSG00000158062.21	26306445-26306845
ENSG00000158062.21	26306504-26306904
ENSG00000159023.22	28914369-28914769
ENSG00000159023.22	28914372-28914772
ENSG00000159023.22	28914374-28914774
ENSG00000159023.22	28914401-28914801
ENSG00000159023.22	28914426-28914826
ENSG00000159023.22	28914568-28914968
ENSG00000159023.22	28914573-28914973
ENSG00000159023.22	28987231-28987631
ENSG00000159023.22	28987248-28987648
ENSG00000159023.22	28987298-28987698
ENSG00000159023.22	28987311-28987711
ENSG00000159023.22	28987411-28987811
ENSG00000159023.22	29064782-29065182
ENSG00000159023.22	29064958-29065358
ENSG00000159023.22	29064963-29065363
ENSG00000159023.22	29065021-29065421
ENSG00000159023.22	29095955-29096355
ENSG00000159023.22	29096032-29096432
ENSG00000159023.22	29096404-29096804
ENSG00000159023.22	29097607-29098007
ENSG00000159023.22	29097649-29098049
ENSG00000159023.22	29097704-29098104
ENSG00000159023.22	29097735-29098135
ENSG00000127603.32	39158664-39159064
ENSG00000127603.32	39158820-39159220
ENSG00000127603.32	39230982-39231382
ENSG00000127603.32	39231043-39231443
ENSG00000127603.32	39463412-39463812
ENSG00000127603.32	39463486-39463886
ENSG00000127603.32	39464709-39465109
ENSG00000127603.32	39464895-39465295
ENSG00000127603.32	39464912-39465312
ENSG00000127603.32	39468393-39468793
ENSG00000127603.32	39468415-39468815
ENSG00000127603.32	39468443-39468843
ENSG00000127603.32	39468532-39468932
ENSG00000049089.15	40315265-40315665
ENSG00000049089.15	40315390-40315790
ENSG00000049089.15	40315460-40315860
ENSG00000049089.15	40315464-40315864
ENSG00000049089.15	40315645-40316045
ENSG00000049089.15	40315835-40316235
ENSG00000049089.15	40316923-40317323
ENSG00000049089.15	40317067-40317467
ENSG00000049089.15	40317073-40317473
ENSG00000049089.15	40317086-40317486
ENSG00000049089.15	40317109-40317509
ENSG00000117481.11	46340589-46340989
ENSG00000117481.11	46340602-46341002
ENSG00000117481.11	46340607-46341007
ENSG00000117481.11	46340620-46341020
ENSG00000117481.11	46340629-46341029
ENSG00000117481.11	46340719-46341119
ENSG00000117481.11	46340987-46341387
ENSG00000117481.11	46341123-46341523
ENSG00000117481.11	46341297-46341697
ENSG00000117481.11	46344582-46344982
ENSG00000117481.11	46344601-46345001
ENSG00000117481.11	46344762-46345162
ENSG00000069424.16	5992439-5992839
ENSG00000069424.16	5992466-5992866
ENSG00000069424.16	5992471-5992871
ENSG00000069424.16	5992475-5992875
ENSG00000069424.16	5992485-5992885
ENSG00000069424.16	5992493-5992893
ENSG00000069424.16	5992503-5992903
ENSG00000069424.16	5992506-5992906
ENSG00000069424.16	5992511-5992911
ENSG00000069424.16	5992514-5992914
ENSG00000069424.16	5992523-5992923
ENSG00000069424.16	5992531-5992931
ENSG00000069424.16	5992553-5992953
ENSG00000069424.16	5992560-5992960
ENSG00000069424.16	5992588-5992988
ENSG00000069424.16	6026072-6026472
ENSG00000069424.16	6026075-6026475
ENSG00000069424.16	6026076-6026476
ENSG00000069424.16	6026094-6026494
ENSG00000069424.16	6026120-6026520
ENSG00000069424.16	6026127-6026527
ENSG00000069424.16	6026134-6026534
ENSG00000069424.16	6026145-6026545
ENSG00000069424.16	6026147-6026547
ENSG00000069424.16	6026161-6026561
ENSG00000069424.16	6026245-6026645
ENSG00000069424.16	6040317-6040717
ENSG00000069424.16	6040445-6040845
ENSG00000107882.12	102617090-102617490
ENSG00000107882.12	102617228-102617628
ENSG00000107882.12	102618866-102619266
ENSG00000107882.12	102626975-102627375
ENSG00000107882.12	102627043-102627443
ENSG00000215146.5	42338040-42338440
ENSG00000215146.5	42360749-42361149
ENSG00000215146.5	42360834-42361234
ENSG00000215146.5	42367527-42367927
ENSG00000215146.5	42367616-42368016
ENSG00000215146.5	42367733-42368133
ENSG00000215146.5	42367756-42368156
ENSG00000215146.5	42367771-42368171
ENSG00000215146.5	42367774-42368174
ENSG00000151150.22	60138764-60139164
ENSG00000151150.22	60138887-60139287
ENSG00000151150.22	60140152-60140552
ENSG00000151150.22	60140315-60140715
ENSG00000151150.22	60140333-60140733
ENSG00000151150.22	60145768-60146168
ENSG00000151150.22	60145821-60146221
ENSG00000122912.15	68516551-68516951
ENSG00000122912.15	68516643-68517043
ENSG00000122912.15	68516884-68517284
ENSG00000122912.15	68516985-68517385
ENSG00000122912.15	68517065-68517465
ENSG00000122912.15	68527046-68527446
ENSG00000122912.15	68527216-68527616
ENSG00000122912.15	68527238-68527638
ENSG00000138326.21	78036994-78037394
ENSG00000138326.21	78037018-78037418
ENSG00000138326.21	78037104-78037504
ENSG00000138326.21	78037239-78037639
ENSG00000138326.21	78037241-78037641
ENSG00000138326.21	78040001-78040401
ENSG00000138326.21	78040004-78040404
ENSG00000138326.21	78040025-78040425
ENSG00000138326.21	78040415-78040815
ENSG00000138326.21	78040496-78040896
ENSG00000138326.21	78040497-78040897
ENSG00000138326.21	78040501-78040901
ENSG00000138326.21	78040513-78040913
ENSG00000138326.21	78040516-78040916
ENSG00000138326.21	78040547-78040947
ENSG00000180628.15	91222729-91223129
ENSG00000180628.15	91222783-91223183
ENSG00000180628.15	91227137-91227537
ENSG00000180628.15	91240284-91240684
ENSG00000180628.15	91240380-91240780
ENSG00000170903.12	106010867-106011267
ENSG00000170903.12	106020762-106021162
ENSG00000170903.12	106021922-106022322
ENSG00000170903.12	106021995-106022395
ENSG00000170903.12	106022040-106022440
ENSG00000170903.12	106022050-106022450
ENSG00000149292.17	113314275-113314675
ENSG00000149292.17	113314282-113314682
ENSG00000149292.17	113314379-113314779
ENSG00000149292.17	113314383-113314783
ENSG00000149292.17	113314391-113314791
ENSG00000149292.17	113314402-113314802
ENSG00000149292.17	113314407-113314807
ENSG00000149292.17	113314418-113314818
ENSG00000149292.17	113314611-113315011
ENSG00000149292.17	113315751-113316151
ENSG00000149292.17	113315853-113316253
ENSG00000149292.17	113316039-113316439
ENSG00000149292.17	113316041-113316441
ENSG00000149292.17	113316043-113316443
ENSG00000149292.17	113316115-113316515
ENSG00000154134.15	124876075-124876475
ENSG00000154134.15	124876260-124876660
ENSG00000154134.15	124876266-124876666
ENSG00000154134.15	124876270-124876670
ENSG00000154134.15	124876286-124876686
ENSG00000154134.15	124876538-124876938
ENSG00000154134.15	124876614-124877014
ENSG00000154134.15	124876618-124877018
ENSG00000154134.15	124876622-124877022
ENSG00000154134.15	124876626-124877026
ENSG00000154134.15	124876642-124877042
ENSG00000154134.15	124876646-124877046
ENSG00000154134.15	124876675-124877075
ENSG00000154134.15	124876732-124877132
ENSG00000154134.15	124876961-124877361
ENSG00000154134.15	124876984-124877384
ENSG00000154134.15	124877067-124877467
ENSG00000154134.15	124877085-124877485
ENSG00000154134.15	124877109-124877509
ENSG00000154134.15	124877188-124877588
ENSG00000154134.15	124877317-124877717
ENSG00000154134.15	124877319-124877719
ENSG00000154134.15	124877363-124877763
ENSG00000154134.15	124877458-124877858
ENSG00000154134.15	124877471-124877871
ENSG00000154134.15	124877476-124877876
ENSG00000154134.15	124877541-124877941
ENSG00000154134.15	124877552-124877952
ENSG00000154134.15	124877596-124877996
ENSG00000154134.15	124877710-124878110
ENSG00000154134.15	124877737-124878137
ENSG00000154134.15	124877931-124878331
ENSG00000154134.15	124878097-124878497
ENSG00000154134.15	124878098-124878498
ENSG00000154134.15	124878165-124878565
ENSG00000154134.15	124878210-124878610
ENSG00000154134.15	124878236-124878636
ENSG00000197798.9	126211446-126211846
ENSG00000197798.9	126211450-126211850
ENSG00000197798.9	126211492-126211892
ENSG00000197798.9	126211524-126211924
ENSG00000197798.9	126211566-126211966
ENSG00000197798.9	126211572-126211972
ENSG00000197798.9	126211573-126211973
ENSG00000197798.9	126211577-126211977
ENSG00000197798.9	126211582-126211982
ENSG00000197798.9	126211630-126212030
ENSG00000197798.9	126229024-126229424
ENSG00000197798.9	126229025-126229425
ENSG00000197798.9	126229093-126229493
ENSG00000197798.9	126229136-126229536
ENSG00000197798.9	126234795-126235195
ENSG00000197798.9	126234887-126235287
ENSG00000134954.14	128490257-128490657
ENSG00000134954.14	128490376-128490776
ENSG00000134954.14	128521713-128522113
ENSG00000134954.14	128556091-128556491
ENSG00000134954.14	128556235-128556635
ENSG00000174672.16	1456328-1456728
ENSG00000174672.16	1456398-1456798
ENSG00000174672.16	1456487-1456887
ENSG00000174672.16	1456755-1457155
ENSG00000174672.16	1456840-1457240
ENSG00000174672.16	1456849-1457249
ENSG00000174672.16	1458992-1459392
ENSG00000174672.16	1459036-1459436
ENSG00000174672.16	1459039-1459439
ENSG00000085063.17	33722179-33722579
ENSG00000085063.17	33722248-33722648
ENSG00000085063.17	33722256-33722656
ENSG00000085063.17	33722263-33722663
ENSG00000085063.17	33722267-33722667
ENSG00000085063.17	33722371-33722771
ENSG00000085063.17	33722436-33722836
ENSG00000085063.17	33731224-33731624
ENSG00000085063.17	33731268-33731668
ENSG00000085063.17	33736182-33736582
ENSG00000085063.17	33736208-33736608
ENSG00000085063.17	33736222-33736622
ENSG00000085063.17	33736223-33736623
ENSG00000085063.17	33736225-33736625
ENSG00000085063.17	33736227-33736627
ENSG00000085063.17	33736279-33736679
ENSG00000110076.20	64635071-64635471
ENSG00000110076.20	64635252-64635652
ENSG00000110076.20	64642339-64642739
ENSG00000110076.20	64642400-64642800
ENSG00000110076.20	64648019-64648419
ENSG00000110076.20	64648138-64648538
ENSG00000174871.11	66278142-66278542
ENSG00000174871.11	66278262-66278662
ENSG00000174871.11	66278295-66278695
ENSG00000174871.11	66278325-66278725
ENSG00000174871.11	66278337-66278737
ENSG00000174871.11	66281217-66281617
ENSG00000174871.11	66281374-66281774
ENSG00000174871.11	66282059-66282459
ENSG00000174871.11	66282127-66282527
ENSG00000174871.11	66282153-66282553
ENSG00000158555.15	75477419-75477819
ENSG00000158555.15	75477595-75477995
ENSG00000158555.15	75477651-75478051
ENSG00000158555.15	75479044-75479444
ENSG00000158555.15	75479117-75479517
ENSG00000158555.15	75479203-75479603
ENSG00000158555.15	75490037-75490437
ENSG00000158555.15	75490089-75490489
ENSG00000158555.15	75490120-75490520
ENSG00000158555.15	75490404-75490804
ENSG00000158555.15	75490551-75490951
ENSG00000158555.15	75525010-75525410
ENSG00000158555.15	75525056-75525456
ENSG00000158555.15	75525084-75525484
ENSG00000158555.15	75525174-75525574
ENSG00000149256.16	78903323-78903723
ENSG00000149256.16	78961943-78962343
ENSG00000149256.16	78962019-78962419
ENSG00000149256.16	79064399-79064799
ENSG00000149256.16	79064538-79064938
ENSG00000177830.18	904501-904901
ENSG00000177830.18	904506-904906
ENSG00000177830.18	904537-904937
ENSG00000177830.18	904616-905016
ENSG00000177830.18	904659-905059
ENSG00000177830.18	904664-905064
ENSG00000177830.18	908342-908742
ENSG00000177830.18	908445-908845
ENSG00000177830.18	908459-908859
ENSG00000177830.18	908464-908864
ENSG00000177830.18	910441-910841
ENSG00000177830.18	910575-910975
ENSG00000177830.18	910591-910991
ENSG00000177830.18	910610-911010
ENSG00000177830.18	910616-911016
ENSG00000177830.18	910621-911021
ENSG00000177830.18	910631-911031
ENSG00000177830.18	910635-911035
ENSG00000112787.14	132507953-132508353
ENSG00000112787.14	132507956-132508356
ENSG00000112787.14	132508150-132508550
ENSG00000112787.14	132508966-132509366
ENSG00000112787.14	132525534-132525934
ENSG00000112787.14	132525623-132526023
ENSG00000112787.14	132547803-132548203
ENSG00000112787.14	132547832-132548232
ENSG00000112787.14	132559847-132560247
ENSG00000112787.14	132559953-132560353
ENSG00000112787.14	132560030-132560430
ENSG00000112787.14	132567281-132567681
ENSG00000112787.14	132567326-132567726
ENSG00000072609.18	132945421-132945821
ENSG00000072609.18	132945516-132945916
ENSG00000072609.18	132945597-132945997
ENSG00000072609.18	132956043-132956443
ENSG00000072609.18	132956062-132956462
ENSG00000072609.18	132956091-132956491
ENSG00000072609.18	132956104-132956504
ENSG00000072609.18	132956106-132956506
ENSG00000048540.16	16560213-16560613
ENSG00000048540.16	16560253-16560653
ENSG00000048540.16	16560275-16560675
ENSG00000048540.16	16560281-16560681
ENSG00000048540.16	16560292-16560692
ENSG00000048540.16	16560306-16560706
ENSG00000048540.16	16560338-16560738
ENSG00000048540.16	16600401-16600801
ENSG00000048540.16	16600455-16600855
ENSG00000048540.16	16600486-16600886
ENSG00000048540.16	16600514-16600914
ENSG00000048540.16	16600668-16601068
ENSG00000048540.16	16604649-16605049
ENSG00000048540.16	16604665-16605065
ENSG00000048540.16	16604856-16605256
ENSG00000048540.16	16605713-16606113
ENSG00000048540.16	16605770-16606170
ENSG00000048540.16	16605866-16606266
ENSG00000048540.16	16605932-16606332
ENSG00000048540.16	16605962-16606362
ENSG00000170456.16	31495610-31496010
ENSG00000170456.16	31495702-31496102
ENSG00000170456.16	31495719-31496119
ENSG00000170456.16	31499406-31499806
ENSG00000170456.16	31499471-31499871
ENSG00000170456.16	31590506-31590906
ENSG00000139132.16	32399656-32400056
ENSG00000139132.16	32399759-32400159
ENSG00000139132.16	32501957-32502357
ENSG00000139132.16	32501960-32502360
ENSG00000139132.16	32501961-32502361
ENSG00000139132.16	32501970-32502370
ENSG00000139132.16	32501979-32502379
ENSG00000139132.16	32501984-32502384
ENSG00000139132.16	32501994-32502394
ENSG00000139132.16	32502138-32502538
ENSG00000139132.16	32563937-32564337
ENSG00000139132.16	32564089-32564489
ENSG00000211584.14	47771970-47772370
ENSG00000211584.14	47772120-47772520
ENSG00000211584.14	47773236-47773636
ENSG00000211584.14	47773240-47773640
ENSG00000211584.14	47778740-47779140
ENSG00000211584.14	47778828-47779228
ENSG00000211584.14	47778911-47779311
ENSG00000211584.14	47778971-47779371
ENSG00000211584.14	47778992-47779392
ENSG00000211584.14	47778993-47779393
ENSG00000211584.14	47778995-47779395
ENSG00000139644.13	49741344-49741744
ENSG00000139644.13	49741347-49741747
ENSG00000139644.13	49741349-49741749
ENSG00000139644.13	49741357-49741757
ENSG00000139644.13	49741368-49741768
ENSG00000139644.13	49741371-49741771
ENSG00000139644.13	49741374-49741774
ENSG00000139644.13	49741408-49741808
ENSG00000139644.13	49741411-49741811
ENSG00000139644.13	49741568-49741968
ENSG00000139644.13	49741609-49742009
ENSG00000139644.13	49741752-49742152
ENSG00000139644.13	49741757-49742157
ENSG00000139644.13	49741915-49742315
ENSG00000139644.13	49742080-49742480
ENSG00000139644.13	49752256-49752656
ENSG00000139644.13	49752264-49752664
ENSG00000139644.13	49752266-49752666
ENSG00000139644.13	49752324-49752724
ENSG00000139644.13	49752326-49752726
ENSG00000139644.13	49752342-49752742
ENSG00000139644.13	49752349-49752749
ENSG00000139613.12	56163565-56163965
ENSG00000139613.12	56164103-56164503
ENSG00000139613.12	56164168-56164568
ENSG00000139613.12	56164448-56164848
ENSG00000139613.12	56164531-56164931
ENSG00000010295.20	6550741-6551141
ENSG00000010295.20	6550801-6551201
ENSG00000010295.20	6551198-6551598
ENSG00000010295.20	6551303-6551703
ENSG00000010295.20	6551395-6551795
ENSG00000010295.20	6555057-6555457
ENSG00000151835.17	23374919-23375319
ENSG00000151835.17	23375069-23375469
ENSG00000151835.17	23375152-23375552
ENSG00000151835.17	23375288-23375688
ENSG00000151835.17	23375291-23375691
ENSG00000151835.17	23375309-23375709
ENSG00000151835.17	23375314-23375714
ENSG00000151835.17	23375343-23375743
ENSG00000151835.17	23411020-23411420
ENSG00000140105.18	100368887-100369287
ENSG00000140105.18	100368909-100369309
ENSG00000140105.18	100368985-100369385
ENSG00000140105.18	100369058-100369458
ENSG00000140105.18	100375083-100375483
ENSG00000140105.18	100375133-100375533
ENSG00000140105.18	100375144-100375544
ENSG00000140105.18	100375147-100375547
ENSG00000140105.18	100375150-100375550
ENSG00000140105.18	100375155-100375555
ENSG00000140105.18	100375203-100375603
ENSG00000140105.18	100375206-100375606
ENSG00000140105.18	100375267-100375667
ENSG00000140105.18	100375273-100375673
ENSG00000140105.18	100375275-100375675
ENSG00000140105.18	100376051-100376451
ENSG00000140105.18	100376060-100376460
ENSG00000140105.18	100376085-100376485
ENSG00000140105.18	100376087-100376487
ENSG00000140105.18	100376099-100376499
ENSG00000140105.18	100376102-100376502
ENSG00000140105.18	100376105-100376505
ENSG00000140105.18	100376107-100376507
ENSG00000140105.18	100376108-100376508
ENSG00000140105.18	100376109-100376509
ENSG00000140105.18	100376111-100376511
ENSG00000140105.18	100376130-100376530
ENSG00000140105.18	100376134-100376534
ENSG00000140105.18	100376135-100376535
ENSG00000140105.18	100376143-100376543
ENSG00000140105.18	100376218-100376618
ENSG00000140105.18	100376233-100376633
ENSG00000126215.14	103711266-103711666
ENSG00000126215.14	103711367-103711767
ENSG00000126215.14	103711461-103711861
ENSG00000126215.14	103712675-103713075
ENSG00000126215.14	103712731-103713131
ENSG00000126215.14	103712741-103713141
ENSG00000126215.14	103712768-103713168
ENSG00000126215.14	103715224-103715624
ENSG00000126215.14	103715243-103715643
ENSG00000126215.14	103715251-103715651
ENSG00000126215.14	103715259-103715659
ENSG00000126215.14	103715283-103715683
ENSG00000126215.14	103715284-103715684
ENSG00000126215.14	103715286-103715686
ENSG00000126215.14	103715304-103715704
ENSG00000215271.9	23276987-23277387
ENSG00000215271.9	23285411-23285811
ENSG00000215271.9	23285713-23286113
ENSG00000215271.9	23285870-23286270
ENSG00000119661.15	73644675-73645075
ENSG00000119661.15	73644786-73645186
ENSG00000119661.15	73644791-73645191
ENSG00000119661.15	73644809-73645209
ENSG00000119661.15	73644817-73645217
ENSG00000119661.15	73644818-73645218
ENSG00000119661.15	73644827-73645227
ENSG00000119661.15	73644842-73645242
ENSG00000119661.15	73652970-73653370
ENSG00000119661.15	73653015-73653415
ENSG00000119661.15	73654647-73655047
ENSG00000119661.15	73654685-73655085
ENSG00000042088.14	89955702-89956102
ENSG00000042088.14	89955707-89956107
ENSG00000042088.14	89955727-89956127
ENSG00000042088.14	89955738-89956138
ENSG00000042088.14	89955741-89956141
ENSG00000042088.14	89955755-89956155
ENSG00000042088.14	89955770-89956170
ENSG00000042088.14	89955793-89956193
ENSG00000042088.14	89955810-89956210
ENSG00000042088.14	89955837-89956237
ENSG00000042088.14	89956600-89957000
ENSG00000042088.14	89962905-89963305
ENSG00000042088.14	89962908-89963308
ENSG00000042088.14	89963025-89963425
ENSG00000128739.23	24886316-24886716
ENSG00000128739.23	24886389-24886789
ENSG00000128739.23	24919811-24920211
ENSG00000128739.23	24919924-24920324
ENSG00000128739.23	24920273-24920673
ENSG00000128739.23	24920347-24920747
ENSG00000128739.23	24961914-24962314
ENSG00000128739.23	24962009-24962409
ENSG00000137806.10	41396759-41397159
ENSG00000137806.10	41396940-41397340
ENSG00000137806.10	41401944-41402344
ENSG00000137806.10	41402060-41402460
ENSG00000137806.10	41402242-41402642
ENSG00000137806.10	41402247-41402647
ENSG00000137806.10	41402259-41402659
ENSG00000137806.10	41402260-41402660
ENSG00000137806.10	41402283-41402683
ENSG00000137806.10	41402292-41402692
ENSG00000137806.10	41402296-41402696
ENSG00000137806.10	41402319-41402719
ENSG00000137806.10	41402332-41402732
ENSG00000069974.16	55234582-55234982
ENSG00000069974.16	55234756-55235156
ENSG00000069974.16	55269965-55270365
ENSG00000069974.16	55270056-55270456
ENSG00000069974.16	55270084-55270484
ENSG00000069974.16	55270086-55270486
ENSG00000069974.16	55270194-55270594
ENSG00000069974.16	55289516-55289916
ENSG00000069974.16	55289591-55289991
ENSG00000069974.16	55289613-55290013
ENSG00000069974.16	55289688-55290088
ENSG00000137834.15	66703875-66704275
ENSG00000137834.15	66711468-66711868
ENSG00000137834.15	66711476-66711876
ENSG00000137834.15	66711497-66711897
ENSG00000137834.15	66711524-66711924
ENSG00000138621.12	75023386-75023786
ENSG00000138621.12	75023387-75023787
ENSG00000138621.12	75023390-75023790
ENSG00000138621.12	75023400-75023800
ENSG00000138621.12	75023405-75023805
ENSG00000138621.12	75023426-75023826
ENSG00000138621.12	75028253-75028653
ENSG00000138621.12	75043075-75043475
ENSG00000138621.12	75043086-75043486
ENSG00000138621.12	75043241-75043641
ENSG00000138621.12	75043292-75043692
ENSG00000138621.12	75043336-75043736
ENSG00000180953.11	79907429-79907829
ENSG00000180953.11	79907484-79907884
ENSG00000180953.11	79914388-79914788
ENSG00000180953.11	79923060-79923460
ENSG00000180953.11	79923252-79923652
ENSG00000180953.11	79923290-79923690
ENSG00000103540.16	19523739-19524139
ENSG00000103540.16	19523742-19524142
ENSG00000103540.16	19523761-19524161
ENSG00000103540.16	19523888-19524288
ENSG00000103540.16	19525519-19525919
ENSG00000103540.16	19525599-19525999
ENSG00000103540.16	19525661-19526061
ENSG00000103540.16	19527636-19528036
ENSG00000103540.16	19527667-19528067
ENSG00000103540.16	19527721-19528121
ENSG00000103540.16	19527822-19528222
ENSG00000103540.16	19527831-19528231
ENSG00000167930.17	234602-235002
ENSG00000167930.17	234618-235018
ENSG00000167930.17	234621-235021
ENSG00000167930.17	234627-235027
ENSG00000167930.17	234629-235029
ENSG00000167930.17	234630-235030
ENSG00000167930.17	234634-235034
ENSG00000167930.17	234638-235038
ENSG00000167930.17	234644-235044
ENSG00000167930.17	234646-235046
ENSG00000167930.17	234647-235047
ENSG00000167930.17	234657-235057
ENSG00000167930.17	248044-248444
ENSG00000167930.17	248197-248597
ENSG00000167930.17	249347-249747
ENSG00000167930.17	249349-249749
ENSG00000167930.17	249454-249854
ENSG00000167930.17	249458-249858
ENSG00000141013.17	90019429-90019829
ENSG00000141013.17	90019437-90019837
ENSG00000141013.17	90019443-90019843
ENSG00000141013.17	90019493-90019893
ENSG00000141013.17	90019528-90019928
ENSG00000141013.17	90019530-90019930
ENSG00000141013.17	90019531-90019931
ENSG00000141013.17	90019568-90019968
ENSG00000141013.17	90019680-90020080
ENSG00000141013.17	90019690-90020090
ENSG00000141013.17	90022400-90022800
ENSG00000141013.17	90022453-90022853
ENSG00000141013.17	90022464-90022864
ENSG00000141013.17	90022470-90022870
ENSG00000141013.17	90022480-90022880
ENSG00000141013.17	90022483-90022883
ENSG00000141013.17	90022524-90022924
ENSG00000141013.17	90027436-90027836
ENSG00000141013.17	90027522-90027922
ENSG00000010244.19	32365130-32365530
ENSG00000010244.19	32365216-32365616
ENSG00000010244.19	32365265-32365665
ENSG00000010244.19	32365287-32365687
ENSG00000010244.19	32365391-32365791
ENSG00000010244.19	32366465-32366865
ENSG00000010244.19	32366477-32366877
ENSG00000010244.19	32366557-32366957
ENSG00000010244.19	32367572-32367972
ENSG00000276234.5	37406580-37406980
ENSG00000276234.5	37406618-37407018
ENSG00000276234.5	37406636-37407036
ENSG00000276234.5	37406686-37407086
ENSG00000276234.5	37406690-37407090
ENSG00000276234.5	37406707-37407107
ENSG00000276234.5	37406739-37407139
ENSG00000276234.5	37406749-37407149
ENSG00000276234.5	37407114-37407514
ENSG00000276234.5	37407296-37407696
ENSG00000276234.5	37411069-37411469
ENSG00000276234.5	37411087-37411487
ENSG00000276234.5	37411190-37411590
ENSG00000108298.12	39200083-39200483
ENSG00000108298.12	39200112-39200512
ENSG00000108298.12	39200116-39200516
ENSG00000108298.12	39200117-39200517
ENSG00000108298.12	39200142-39200542
ENSG00000108298.12	39200145-39200545
ENSG00000108298.12	39200149-39200549
ENSG00000108298.12	39200234-39200634
ENSG00000108298.12	39200278-39200678
ENSG00000108298.12	39200307-39200707
ENSG00000108298.12	39200543-39200943
ENSG00000108298.12	39200815-39201215
ENSG00000108298.12	39201013-39201413
ENSG00000108298.12	39201022-39201422
ENSG00000108298.12	39201119-39201519
ENSG00000108298.12	39201123-39201523
ENSG00000030582.18	44345046-44345446
ENSG00000030582.18	44345062-44345462
ENSG00000030582.18	44345065-44345465
ENSG00000030582.18	44345082-44345482
ENSG00000030582.18	44345098-44345498
ENSG00000030582.18	44345102-44345502
ENSG00000030582.18	44345105-44345505
ENSG00000030582.18	44345106-44345506
ENSG00000030582.18	44345114-44345514
ENSG00000030582.18	44345134-44345534
ENSG00000030582.18	44345331-44345731
ENSG00000030582.18	44345366-44345766
ENSG00000030582.18	44345405-44345805
ENSG00000030582.18	44345410-44345810
ENSG00000030582.18	44345541-44345941
ENSG00000030582.18	44348958-44349358
ENSG00000030582.18	44348962-44349362
ENSG00000030582.18	44348965-44349365
ENSG00000030582.18	44349075-44349475
ENSG00000030582.18	44349102-44349502
ENSG00000204650.14	45620128-45620528
ENSG00000204650.14	45620140-45620540
ENSG00000204650.14	45620142-45620542
ENSG00000204650.14	45620144-45620544
ENSG00000204650.14	45620146-45620546
ENSG00000204650.14	45620172-45620572
ENSG00000204650.14	45620952-45621352
ENSG00000204650.14	45621708-45622108
ENSG00000204650.14	45621726-45622126
ENSG00000204650.14	45621841-45622241
ENSG00000120071.15	46094308-46094708
ENSG00000120071.15	46094360-46094760
ENSG00000120071.15	46094441-46094841
ENSG00000120071.15	46094501-46094901
ENSG00000120071.15	46170655-46171055
ENSG00000120071.15	46223471-46223871
ENSG00000120071.15	46223476-46223876
ENSG00000120071.15	46223485-46223885
ENSG00000120071.15	46223604-46224004
ENSG00000120071.15	46224361-46224761
ENSG00000120071.15	46224493-46224893
ENSG00000120071.15	46225141-46225541
ENSG00000120071.15	46225155-46225555
ENSG00000120071.15	46225161-46225561
ENSG00000120071.15	46225167-46225567
ENSG00000120071.15	46225171-46225571
ENSG00000120071.15	46225173-46225573
ENSG00000120071.15	46225176-46225576
ENSG00000120071.15	46225189-46225589
ENSG00000159199.14	48892477-48892877
ENSG00000159199.14	48892565-48892965
ENSG00000159199.14	48892567-48892967
ENSG00000159199.14	48892587-48892987
ENSG00000159199.14	48892597-48892997
ENSG00000159199.14	48892602-48893002
ENSG00000159199.14	48892617-48893017
ENSG00000159199.14	48892640-48893040
ENSG00000159199.14	48892654-48893054
ENSG00000159199.14	48892710-48893110
ENSG00000159199.14	48893113-48893513
ENSG00000159199.14	48893209-48893609
ENSG00000159199.14	48893256-48893656
ENSG00000170921.16	63098975-63099375
ENSG00000170921.16	63099046-63099446
ENSG00000170921.16	63099157-63099557
ENSG00000170921.16	63151070-63151470
ENSG00000170921.16	63151180-63151580
ENSG00000170921.16	63193730-63194130
ENSG00000170921.16	63193731-63194131
ENSG00000170921.16	63193791-63194191
ENSG00000170921.16	63193794-63194194
ENSG00000170921.16	63193870-63194270
ENSG00000170921.16	63193882-63194282
ENSG00000170921.16	63193939-63194339
ENSG00000214174.9	64974355-64974755
ENSG00000214174.9	64974441-64974841
ENSG00000214174.9	64974751-64975151
ENSG00000214174.9	64974917-64975317
ENSG00000214174.9	64975360-64975760
ENSG00000214174.9	64975367-64975767
ENSG00000214174.9	64975371-64975771
ENSG00000214174.9	64975373-64975773
ENSG00000214174.9	64975376-64975776
ENSG00000214174.9	64975379-64975779
ENSG00000214174.9	64975383-64975783
ENSG00000214174.9	64975395-64975795
ENSG00000214174.9	64975399-64975799
ENSG00000214174.9	64975405-64975805
ENSG00000214174.9	64975408-64975808
ENSG00000214174.9	64975417-64975817
ENSG00000184640.20	77306941-77307341
ENSG00000184640.20	77306997-77307397
ENSG00000184640.20	77373352-77373752
ENSG00000184640.20	77401859-77402259
ENSG00000184640.20	77401889-77402289
ENSG00000184640.20	77401901-77402301
ENSG00000184640.20	77402000-77402400
ENSG00000183011.14	7856815-7857215
ENSG00000183011.14	7856998-7857398
ENSG00000183011.14	7857063-7857463
ENSG00000183011.14	7857183-7857583
ENSG00000183011.14	7857359-7857759
ENSG00000183011.14	7857362-7857762
ENSG00000183011.14	7857363-7857763
ENSG00000183011.14	7883035-7883435
ENSG00000183011.14	7883135-7883535
ENSG00000161970.15	8381943-8382343
ENSG00000161970.15	8382109-8382509
ENSG00000161970.15	8382115-8382515
ENSG00000161970.15	8382138-8382538
ENSG00000161970.15	8382575-8382975
ENSG00000161970.15	8382581-8382981
ENSG00000161970.15	8382662-8383062
ENSG00000161970.15	8382809-8383209
ENSG00000161970.15	8382942-8383342
ENSG00000161970.15	8382957-8383357
ENSG00000161970.15	8382964-8383364
ENSG00000161970.15	8382966-8383366
ENSG00000161970.15	8382987-8383387
ENSG00000161970.15	8382992-8383392
ENSG00000161970.15	8382993-8383393
ENSG00000161970.15	8383013-8383413
ENSG00000141404.17	11689739-11690139
ENSG00000141404.17	11752378-11752778
ENSG00000141404.17	11752606-11753006
ENSG00000141404.17	11752653-11753053
ENSG00000141404.17	11752684-11753084
ENSG00000141404.17	11752725-11753125
ENSG00000134769.23	34679268-34679668
ENSG00000134769.23	34679337-34679737
ENSG00000134769.23	34679392-34679792
ENSG00000134769.23	34710061-34710461
ENSG00000134769.23	34710084-34710484
ENSG00000134769.23	34710094-34710494
ENSG00000134769.23	34710097-34710497
ENSG00000134769.23	34710098-34710498
ENSG00000134769.23	34710118-34710518
ENSG00000134769.23	34710227-34710627
ENSG00000134769.23	34710245-34710645
ENSG00000134769.23	34755776-34756176
ENSG00000134769.23	34755777-34756177
ENSG00000134769.23	34755832-34756232
ENSG00000134769.23	34755843-34756243
ENSG00000049759.20	58165588-58165988
ENSG00000049759.20	58165592-58165992
ENSG00000049759.20	58165608-58166008
ENSG00000049759.20	58165639-58166039
ENSG00000049759.20	58165661-58166061
ENSG00000049759.20	58195399-58195799
ENSG00000049759.20	58195453-58195853
ENSG00000049759.20	58195476-58195876
ENSG00000049759.20	58195496-58195896
ENSG00000049759.20	58195533-58195933
ENSG00000049759.20	58245227-58245627
ENSG00000049759.20	58245289-58245689
ENSG00000049759.20	58245308-58245708
ENSG00000197256.11	11195422-11195822
ENSG00000197256.11	11195423-11195823
ENSG00000197256.11	11195485-11195885
ENSG00000197256.11	11195620-11196020
ENSG00000197256.11	11195681-11196081
ENSG00000197256.11	11195850-11196250
ENSG00000197256.11	11195858-11196258
ENSG00000197256.11	11196027-11196427
ENSG00000197256.11	11196029-11196429
ENSG00000197256.11	11197285-11197685
ENSG00000197256.11	11197330-11197730
ENSG00000197256.11	11197345-11197745
ENSG00000197256.11	11197347-11197747
ENSG00000197256.11	11197348-11197748
ENSG00000123159.16	14491456-14491856
ENSG00000123159.16	14491543-14491943
ENSG00000123159.16	14492657-14493057
ENSG00000123159.16	14492712-14493112
ENSG00000123159.16	14495837-14496237
ENSG00000123159.16	14495852-14496252
ENSG00000123159.16	14495927-14496327
ENSG00000123159.16	14495932-14496332
ENSG00000123159.16	14495949-14496349
ENSG00000007080.11	17932815-17933215
ENSG00000007080.11	17932823-17933223
ENSG00000007080.11	17932848-17933248
ENSG00000007080.11	17934896-17935296
ENSG00000007080.11	17934991-17935391
ENSG00000007080.11	17936051-17936451
ENSG00000007080.11	17936210-17936610
ENSG00000007080.11	17936379-17936779
ENSG00000223802.9	18870419-18870819
ENSG00000223802.9	18877709-18878109
ENSG00000223802.9	18877711-18878111
ENSG00000223802.9	18877717-18878117
ENSG00000223802.9	18877898-18878298
ENSG00000223802.9	18878730-18879130
ENSG00000223802.9	18878839-18879239
ENSG00000239382.11	36013103-36013503
ENSG00000239382.11	36013110-36013510
ENSG00000239382.11	36013128-36013528
ENSG00000239382.11	36013144-36013544
ENSG00000239382.11	36013222-36013622
ENSG00000239382.11	36013314-36013714
ENSG00000239382.11	36013388-36013788
ENSG00000239382.11	36013975-36014375
ENSG00000239382.11	36013983-36014383
ENSG00000239382.11	36013990-36014390
ENSG00000239382.11	36013999-36014399
ENSG00000239382.11	36014002-36014402
ENSG00000239382.11	36014008-36014408
ENSG00000239382.11	36014012-36014412
ENSG00000239382.11	36014013-36014413
ENSG00000239382.11	36014018-36014418
ENSG00000239382.11	36014022-36014422
ENSG00000239382.11	36014027-36014427
ENSG00000239382.11	36014035-36014435
ENSG00000239382.11	36014037-36014437
ENSG00000239382.11	36014039-36014439
ENSG00000123815.13	40714331-40714731
ENSG00000123815.13	40714435-40714835
ENSG00000123815.13	40714533-40714933
ENSG00000123815.13	40714549-40714949
ENSG00000123815.13	40714568-40714968
ENSG00000123815.13	40714585-40714985
ENSG00000123815.13	40716387-40716787
ENSG00000123815.13	40716503-40716903
ENSG00000123815.13	40716522-40716922
ENSG00000123815.13	40716588-40716988
ENSG00000123815.13	40716598-40716998
ENSG00000123815.13	40716600-40717000
ENSG00000123815.13	40716662-40717062
ENSG00000123815.13	40716682-40717082
ENSG00000123815.13	40716685-40717085
ENSG00000123815.13	40716686-40717086
ENSG00000123815.13	40716694-40717094
ENSG00000123815.13	40716696-40717096
ENSG00000123815.13	40716720-40717120
ENSG00000181027.11	46745846-46746246
ENSG00000181027.11	46745854-46746254
ENSG00000181027.11	46745857-46746257
ENSG00000181027.11	46745858-46746258
ENSG00000181027.11	46745859-46746259
ENSG00000181027.11	46745861-46746261
ENSG00000181027.11	46745886-46746286
ENSG00000181027.11	46745890-46746290
ENSG00000181027.11	46745949-46746349
ENSG00000181027.11	46746011-46746411
ENSG00000181027.11	46747034-46747434
ENSG00000181027.11	46747094-46747494
ENSG00000181027.11	46747105-46747505
ENSG00000181027.11	46747827-46748227
ENSG00000181027.11	46747888-46748288
ENSG00000134815.19	47349115-47349515
ENSG00000134815.19	47349152-47349552
ENSG00000134815.19	47349155-47349555
ENSG00000134815.19	47352554-47352954
ENSG00000126461.15	49642009-49642409
ENSG00000126461.15	49642042-49642442
ENSG00000126461.15	49642460-49642860
ENSG00000126461.15	49642506-49642906
ENSG00000126461.15	49644630-49645030
ENSG00000126461.15	49644723-49645123
ENSG00000126461.15	49644821-49645221
ENSG00000126461.15	49644934-49645334
ENSG00000167747.16	50802017-50802417
ENSG00000167747.16	50802049-50802449
ENSG00000167747.16	50802057-50802457
ENSG00000167747.16	50802058-50802458
ENSG00000167747.16	50802128-50802528
ENSG00000167747.16	50802218-50802618
ENSG00000167747.16	50802254-50802654
ENSG00000167747.16	50802414-50802814
ENSG00000167747.16	50802450-50802850
ENSG00000167747.16	50804267-50804667
ENSG00000167747.16	50804358-50804758
ENSG00000167747.16	50804372-50804772
ENSG00000167747.16	50804394-50804794
ENSG00000167747.16	50804395-50804795
ENSG00000167747.16	50804420-50804820
ENSG00000167747.16	50804439-50804839
ENSG00000167747.16	50804469-50804869
ENSG00000221923.9	52374099-52374499
ENSG00000221923.9	52374194-52374594
ENSG00000221923.9	52374227-52374627
ENSG00000221923.9	52374284-52374684
ENSG00000221923.9	52379221-52379621
ENSG00000221923.9	52379340-52379740
ENSG00000221923.9	52383649-52384049
ENSG00000221923.9	52383769-52384169
ENSG00000182986.15	52891029-52891429
ENSG00000182986.15	52891146-52891546
ENSG00000182986.15	52893419-52893819
ENSG00000182986.15	52893579-52893979
ENSG00000182986.15	52893656-52894056
ENSG00000182986.15	52893727-52894127
ENSG00000182986.15	52897310-52897710
ENSG00000182986.15	52897320-52897720
ENSG00000182986.15	52897360-52897760
ENSG00000182986.15	52897435-52897835
ENSG00000182986.15	52897448-52897848
ENSG00000182986.15	52897449-52897849
ENSG00000182986.15	52897450-52897850
ENSG00000182986.15	52897454-52897854
ENSG00000182986.15	52897455-52897855
ENSG00000182986.15	52897484-52897884
ENSG00000182986.15	52897486-52897886
ENSG00000182986.15	52897493-52897893
ENSG00000213799.13	53333549-53333949
ENSG00000213799.13	53333592-53333992
ENSG00000213799.13	53340624-53341024
ENSG00000213799.13	53340725-53341125
ENSG00000213799.13	53341035-53341435
ENSG00000213799.13	53341122-53341522
ENSG00000115935.18	174585323-174585723
ENSG00000115935.18	174585389-174585789
ENSG00000115935.18	174585411-174585811
ENSG00000115935.18	174682574-174682974
ENSG00000115935.18	174682647-174683047
ENSG00000115935.18	174682671-174683071
ENSG00000115935.18	174682683-174683083
ENSG00000115935.18	174682699-174683099
ENSG00000115935.18	174682716-174683116
ENSG00000003436.16	187503448-187503848
ENSG00000003436.16	187503570-187503970
ENSG00000003436.16	187513416-187513816
ENSG00000003436.16	187513441-187513841
ENSG00000003436.16	187513446-187513846
ENSG00000003436.16	187513453-187513853
ENSG00000003436.16	187553949-187554349
ENSG00000003436.16	187553991-187554391
ENSG00000003436.16	187554000-187554400
ENSG00000003436.16	187554076-187554476
ENSG00000003436.16	187554149-187554549
ENSG00000003436.16	187554151-187554551
ENSG00000003436.16	187554193-187554593
ENSG00000196950.14	195605936-195606336
ENSG00000196950.14	195606033-195606433
ENSG00000196950.14	195656928-195657328
ENSG00000196950.14	195656936-195657336
ENSG00000196950.14	195657026-195657426
ENSG00000196950.14	195657035-195657435
ENSG00000196950.14	195657081-195657481
ENSG00000196950.14	195657249-195657649
ENSG00000196950.14	195679832-195680232
ENSG00000196950.14	195679848-195680248
ENSG00000196950.14	195679958-195680358
ENSG00000144591.20	219498665-219499065
ENSG00000144591.20	219498672-219499072
ENSG00000144591.20	219498674-219499074
ENSG00000144591.20	219498675-219499075
ENSG00000144591.20	219498684-219499084
ENSG00000144591.20	219498688-219499088
ENSG00000144591.20	219498691-219499091
ENSG00000144591.20	219498692-219499092
ENSG00000144591.20	219498699-219499099
ENSG00000144591.20	219498701-219499101
ENSG00000144591.20	219498704-219499104
ENSG00000144591.20	219498705-219499105
ENSG00000144591.20	219498706-219499106
ENSG00000144591.20	219498707-219499107
ENSG00000144591.20	219498714-219499114
ENSG00000144591.20	219498715-219499115
ENSG00000144591.20	219498738-219499138
ENSG00000144591.20	219498771-219499171
ENSG00000144591.20	219498799-219499199
ENSG00000144591.20	219498820-219499220
ENSG00000144591.20	219498906-219499306
ENSG00000144591.20	219499054-219499454
ENSG00000144591.20	219499242-219499642
ENSG00000144591.20	219499575-219499975
ENSG00000144591.20	219499754-219500154
ENSG00000144591.20	219499756-219500156
ENSG00000144591.20	219499761-219500161
ENSG00000144591.20	219499815-219500215
ENSG00000144591.20	219499820-219500220
ENSG00000144591.20	219499877-219500277
ENSG00000144591.20	219499921-219500321
ENSG00000144591.20	219499949-219500349
ENSG00000204120.16	232697099-232697499
ENSG00000204120.16	232697105-232697505
ENSG00000204120.16	232697108-232697508
ENSG00000204120.16	232697110-232697510
ENSG00000204120.16	232697123-232697523
ENSG00000204120.16	232697130-232697530
ENSG00000204120.16	232697131-232697531
ENSG00000204120.16	232697133-232697533
ENSG00000204120.16	232697138-232697538
ENSG00000204120.16	232697144-232697544
ENSG00000204120.16	232697146-232697546
ENSG00000204120.16	232697149-232697549
ENSG00000204120.16	232697150-232697550
ENSG00000204120.16	232697152-232697552
ENSG00000204120.16	232697162-232697562
ENSG00000204120.16	232697169-232697569
ENSG00000204120.16	232697170-232697570
ENSG00000204120.16	232697183-232697583
ENSG00000204120.16	232697192-232697592
ENSG00000204120.16	232700385-232700785
ENSG00000204120.16	232700454-232700854
ENSG00000204120.16	232703224-232703624
ENSG00000204120.16	232703289-232703689
ENSG00000035115.22	233960-234360
ENSG00000035115.22	234031-234431
ENSG00000035115.22	234072-234472
ENSG00000035115.22	242598-242998
ENSG00000035115.22	242671-243071
ENSG00000035115.22	252805-253205
ENSG00000035115.22	252841-253241
ENSG00000035115.22	252913-253313
ENSG00000035115.22	252915-253315
ENSG00000157833.13	26176144-26176544
ENSG00000157833.13	26176284-26176684
ENSG00000157833.13	26182767-26183167
ENSG00000157833.13	26182897-26183297
ENSG00000035115.22	263783-264183
ENSG00000035115.22	263784-264184
ENSG00000035115.22	263832-264232
ENSG00000035115.22	263884-264284
ENSG00000035115.22	263940-264340
ENSG00000035115.22	263944-264344
ENSG00000035115.22	263958-264358
ENSG00000035115.22	263979-264379
ENSG00000035115.22	264503-264903
ENSG00000035115.22	264523-264923
ENSG00000035115.22	264543-264943
ENSG00000035115.22	264582-264982
ENSG00000035115.22	264610-265010
ENSG00000035115.22	264624-265024
ENSG00000035115.22	264666-265066
ENSG00000035115.22	264669-265069
ENSG00000035115.22	264693-265093
ENSG00000035115.22	264700-265100
ENSG00000035115.22	264716-265116
ENSG00000035115.22	264719-265119
ENSG00000035115.22	264722-265122
ENSG00000035115.22	264726-265126
ENSG00000035115.22	264736-265136
ENSG00000035115.22	264747-265147
ENSG00000035115.22	264765-265165
ENSG00000115207.14	27343378-27343778
ENSG00000115207.14	27350114-27350514
ENSG00000115207.14	27356539-27356939
ENSG00000115207.14	27356567-27356967
ENSG00000115207.14	27356656-27357056
ENSG00000218739.10	37196288-37196688
ENSG00000218739.10	37196294-37196694
ENSG00000218739.10	37196296-37196696
ENSG00000218739.10	37196305-37196705
ENSG00000218739.10	37196308-37196708
ENSG00000218739.10	37196316-37196716
ENSG00000218739.10	37196320-37196720
ENSG00000218739.10	37196323-37196723
ENSG00000218739.10	37196373-37196773
ENSG00000218739.10	37196398-37196798
ENSG00000218739.10	37196469-37196869
ENSG00000218739.10	37198294-37198694
ENSG00000218739.10	37198472-37198872
ENSG00000218739.10	37199504-37199904
ENSG00000218739.10	37199619-37200019
ENSG00000179915.25	50236589-50236989
ENSG00000179915.25	50236623-50237023
ENSG00000179915.25	50236640-50237040
ENSG00000179915.25	50236723-50237123
ENSG00000179915.25	50236770-50237170
ENSG00000179915.25	50346491-50346891
ENSG00000179915.25	50346632-50347032
ENSG00000179915.25	50465205-50465605
ENSG00000179915.25	50465242-50465642
ENSG00000179915.25	50465292-50465692
ENSG00000179915.25	50465311-50465711
ENSG00000179915.25	50465361-50465761
ENSG00000115484.15	61884820-61885220
ENSG00000115484.15	61884872-61885272
ENSG00000115484.15	61888057-61888457
ENSG00000115484.15	61888181-61888581
ENSG00000115484.15	61888258-61888658
ENSG00000101363.13	37289449-37289849
ENSG00000101363.13	37289455-37289855
ENSG00000101363.13	37289463-37289863
ENSG00000101363.13	37289486-37289886
ENSG00000101363.13	37297145-37297545
ENSG00000101363.13	37297334-37297734
ENSG00000101363.13	37298563-37298963
ENSG00000101363.13	37298679-37299079
ENSG00000101363.13	37300971-37301371
ENSG00000101363.13	37301008-37301408
ENSG00000196756.14	38420700-38421100
ENSG00000196756.14	38420806-38421206
ENSG00000196756.14	38420898-38421298
ENSG00000196756.14	38421846-38422246
ENSG00000196756.14	38421887-38422287
ENSG00000196756.14	38421892-38422292
ENSG00000196756.14	38421896-38422296
ENSG00000196756.14	38421992-38422392
ENSG00000196756.14	38422041-38422441
ENSG00000196756.14	38422091-38422491
ENSG00000196756.14	38422168-38422568
ENSG00000196756.14	38425735-38426135
ENSG00000196756.14	38425848-38426248
ENSG00000196756.14	38425852-38426252
ENSG00000196756.14	38425877-38426277
ENSG00000196756.14	38434304-38434704
ENSG00000196756.14	38434320-38434720
ENSG00000196756.14	38434426-38434826
ENSG00000196756.14	38434827-38435227
ENSG00000196756.14	38434997-38435397
ENSG00000196756.14	38435073-38435473
ENSG00000196756.14	38435113-38435513
ENSG00000196756.14	38435128-38435528
ENSG00000196756.14	38435134-38435534
ENSG00000196756.14	38435138-38435538
ENSG00000196756.14	38435141-38435541
ENSG00000196756.14	38435144-38435544
ENSG00000196756.14	38435146-38435546
ENSG00000196756.14	38435148-38435548
ENSG00000196756.14	38435149-38435549
ENSG00000196756.14	38435152-38435552
ENSG00000196756.14	38435153-38435553
ENSG00000196756.14	38435156-38435556
ENSG00000196756.14	38435158-38435558
ENSG00000196756.14	38435160-38435560
ENSG00000196756.14	38435162-38435562
ENSG00000196756.14	38435163-38435563
ENSG00000196756.14	38435174-38435574
ENSG00000196756.14	38435175-38435575
ENSG00000196756.14	38435177-38435577
ENSG00000196756.14	38435178-38435578
ENSG00000196756.14	38435181-38435581
ENSG00000196756.14	38435183-38435583
ENSG00000196756.14	38435187-38435587
ENSG00000101152.11	63894926-63895326
ENSG00000101152.11	63894982-63895382
ENSG00000101152.11	63895123-63895523
ENSG00000101152.11	63928135-63928535
ENSG00000101152.11	63928252-63928652
ENSG00000182621.18	8114253-8114653
ENSG00000182621.18	8114307-8114707
ENSG00000182621.18	8114373-8114773
ENSG00000182621.18	8132449-8132849
ENSG00000182621.18	8132550-8132950
ENSG00000182621.18	8150094-8150494
ENSG00000182621.18	8150100-8150500
ENSG00000182621.18	8150125-8150525
ENSG00000182621.18	8150171-8150571
ENSG00000182621.18	8150183-8150583
ENSG00000100296.14	29550528-29550928
ENSG00000100296.14	29550643-29551043
ENSG00000100296.14	29553248-29553648
ENSG00000100296.14	29553455-29553855
ENSG00000100296.14	29553471-29553871
ENSG00000100296.14	29553480-29553880
ENSG00000100296.14	29553541-29553941
ENSG00000100296.14	29553557-29553957
ENSG00000100296.14	29553566-29553966
ENSG00000100296.14	29553643-29554043
ENSG00000184381.20	38126171-38126571
ENSG00000184381.20	38126242-38126642
ENSG00000184381.20	38126249-38126649
ENSG00000184381.20	38126273-38126673
ENSG00000184381.20	38126327-38126727
ENSG00000184381.20	38127207-38127607
ENSG00000184381.20	38127258-38127658
ENSG00000184381.20	38127961-38128361
ENSG00000184381.20	38128069-38128469
ENSG00000184381.20	38128230-38128630
ENSG00000184381.20	38169075-38169475
ENSG00000184381.20	38169267-38169667
ENSG00000184381.20	38169271-38169671
ENSG00000184381.20	38181464-38181864
ENSG00000184381.20	38181507-38181907
ENSG00000184381.20	38181554-38181954
ENSG00000184381.20	38181580-38181980
ENSG00000184381.20	38181583-38181983
ENSG00000184381.20	38181584-38181984
ENSG00000184381.20	38181600-38182000
ENSG00000184381.20	38181608-38182008
ENSG00000184381.20	38181614-38182014
ENSG00000184381.20	38181620-38182020
ENSG00000184381.20	38181625-38182025
ENSG00000184381.20	38181626-38182026
ENSG00000184381.20	38181628-38182028
ENSG00000184381.20	38181629-38182029
ENSG00000184381.20	38181630-38182030
ENSG00000184381.20	38181635-38182035
ENSG00000184381.20	38181642-38182042
ENSG00000184381.20	38181668-38182068
ENSG00000196576.16	50294519-50294919
ENSG00000196576.16	50294526-50294926
ENSG00000196576.16	50294578-50294978
ENSG00000196576.16	50307353-50307753
ENSG00000196576.16	50307403-50307803
ENSG00000196576.16	50307427-50307827
ENSG00000196576.16	50307446-50307846
ENSG00000091972.18	112332868-112333268
ENSG00000091972.18	112332956-112333356
ENSG00000091972.18	112332978-112333378
ENSG00000091972.18	112333024-112333424
ENSG00000091972.18	112340702-112341102
ENSG00000091972.18	112340783-112341183
ENSG00000091972.18	112344762-112345162
ENSG00000091972.18	112344875-112345275
ENSG00000129055.13	134482542-134482942
ENSG00000129055.13	134482606-134483006
ENSG00000129055.13	134482731-134483131
ENSG00000129055.13	134485120-134485520
ENSG00000129055.13	134485554-134485954
ENSG00000129055.13	134485556-134485956
ENSG00000129055.13	134485559-134485959
ENSG00000129055.13	134485591-134485991
ENSG00000129055.13	134485607-134486007
ENSG00000129055.13	134485752-134486152
ENSG00000129055.13	134485785-134486185
ENSG00000129055.13	134485789-134486189
ENSG00000129055.13	134485804-134486204
ENSG00000129055.13	134485822-134486222
ENSG00000129055.13	134485823-134486223
ENSG00000129055.13	134485824-134486224
ENSG00000129055.13	134485837-134486237
ENSG00000129055.13	134485845-134486245
ENSG00000129055.13	134485846-134486246
ENSG00000129055.13	134485850-134486250
ENSG00000129055.13	134485852-134486252
ENSG00000129055.13	134485855-134486255
ENSG00000129055.13	134485857-134486257
ENSG00000129055.13	134485907-134486307
ENSG00000129055.13	134485910-134486310
ENSG00000152601.18	152447420-152447820
ENSG00000152601.18	152447525-152447925
ENSG00000152601.18	152447573-152447973
ENSG00000152601.18	152455342-152455742
ENSG00000152601.18	152455377-152455777
ENSG00000152601.18	152456067-152456467
ENSG00000152601.18	152456161-152456561
ENSG00000072756.17	3126733-3127133
ENSG00000072756.17	3126740-3127140
ENSG00000072756.17	3126748-3127148
ENSG00000072756.17	3126752-3127152
ENSG00000072756.17	3126754-3127154
ENSG00000072756.17	3126763-3127163
ENSG00000072756.17	3126765-3127165
ENSG00000072756.17	3126770-3127170
ENSG00000072756.17	3126780-3127180
ENSG00000072756.17	3126790-3127190
ENSG00000072756.17	3126820-3127220
ENSG00000072756.17	3126861-3127261
ENSG00000072756.17	3127746-3128146
ENSG00000072756.17	3127818-3128218
ENSG00000072756.17	3128814-3129214
ENSG00000072756.17	3128955-3129355
ENSG00000072756.17	3128988-3129388
ENSG00000114861.24	70971811-70972211
ENSG00000114861.24	70971980-70972380
ENSG00000114861.24	70972355-70972755
ENSG00000114861.24	70972476-70972876
ENSG00000114861.24	70976741-70977141
ENSG00000114861.24	70976842-70977242
ENSG00000114861.24	71299495-71299895
ENSG00000114861.24	71299620-71300020
ENSG00000114861.24	71299635-71300035
ENSG00000114861.24	71299640-71300040
ENSG00000114861.24	71299680-71300080
ENSG00000114861.24	71305653-71306053
ENSG00000114861.24	71305678-71306078
ENSG00000114861.24	71305786-71306186
ENSG00000114861.24	71305815-71306215
ENSG00000114861.24	71305822-71306222
ENSG00000114861.24	71305833-71306233
ENSG00000114861.24	71305853-71306253
ENSG00000114861.24	71358950-71359350
ENSG00000114861.24	71359028-71359428
ENSG00000114861.24	71359044-71359444
ENSG00000175161.14	84959292-84959692
ENSG00000175161.14	84959346-84959746
ENSG00000175161.14	84959390-84959790
ENSG00000175161.14	84959436-84959836
ENSG00000175161.14	84959468-84959868
ENSG00000175161.14	84959897-84960297
ENSG00000175161.14	85801847-85802247
ENSG00000175161.14	85801996-85802396
ENSG00000138785.16	105699650-105700050
ENSG00000138785.16	105699673-105700073
ENSG00000138785.16	105699751-105700151
ENSG00000138785.16	105699814-105700214
ENSG00000138785.16	105699934-105700334
ENSG00000138785.16	105699988-105700388
ENSG00000138785.16	105703448-105703848
ENSG00000138785.16	105703609-105704009
ENSG00000138785.16	105708438-105708838
ENSG00000138785.16	105708439-105708839
ENSG00000138785.16	105708456-105708856
ENSG00000138785.16	105708459-105708859
ENSG00000138785.16	105708465-105708865
ENSG00000138785.16	105708483-105708883
ENSG00000138785.16	105708489-105708889
ENSG00000138785.16	105708578-105708978
ENSG00000138785.16	105708584-105708984
ENSG00000138785.16	105708587-105708987
ENSG00000249532.6	112646591-112646991
ENSG00000249532.6	112646690-112647090
ENSG00000249532.6	112646702-112647102
ENSG00000249532.6	112646755-112647155
ENSG00000249532.6	112646768-112647168
ENSG00000249532.6	112646834-112647234
ENSG00000249532.6	112646853-112647253
ENSG00000249532.6	112646927-112647327
ENSG00000249532.6	112647138-112647538
ENSG00000249532.6	112647215-112647615
ENSG00000249532.6	112647249-112647649
ENSG00000249532.6	112647267-112647667
ENSG00000249532.6	112647349-112647749
ENSG00000249532.6	112647451-112647851
ENSG00000249532.6	112648285-112648685
ENSG00000249532.6	112648313-112648713
ENSG00000249532.6	112648357-112648757
ENSG00000249532.6	112648399-112648799
ENSG00000249532.6	112648454-112648854
ENSG00000249532.6	112648499-112648899
ENSG00000249532.6	112648500-112648900
ENSG00000249532.6	112648540-112648940
ENSG00000007062.12	16075775-16076175
ENSG00000007062.12	16075799-16076199
ENSG00000007062.12	16075859-16076259
ENSG00000007062.12	16075918-16076318
ENSG00000007062.12	16083273-16083673
ENSG00000007062.12	16083458-16083858
ENSG00000007062.12	16083465-16083865
ENSG00000007062.12	16083501-16083901
ENSG00000007062.12	16083504-16083904
ENSG00000007062.12	16083532-16083932
ENSG00000007062.12	16083778-16084178
ENSG00000007062.12	16083823-16084223
ENSG00000163697.17	40934316-40934716
ENSG00000163697.17	40934414-40934814
ENSG00000163697.17	40934499-40934899
ENSG00000163697.17	40934877-40935277
ENSG00000163697.17	40934939-40935339
ENSG00000163697.17	40944665-40945065
ENSG00000064042.18	41605694-41606094
ENSG00000064042.18	41605804-41606204
ENSG00000064042.18	41612702-41613102
ENSG00000064042.18	41612898-41613298
ENSG00000064042.18	41612904-41613304
ENSG00000064042.18	41613266-41613666
ENSG00000064042.18	41613276-41613676
ENSG00000064042.18	41613334-41613734
ENSG00000064042.18	41613357-41613757
ENSG00000064042.18	41613461-41613861
ENSG00000064042.18	41619162-41619562
ENSG00000064042.18	41619240-41619640
ENSG00000064042.18	41638732-41639132
ENSG00000064042.18	41638767-41639167
ENSG00000064042.18	41644300-41644700
ENSG00000064042.18	41644426-41644826
ENSG00000189308.11	82984517-82984917
ENSG00000189308.11	82984624-82985024
ENSG00000189308.11	82984676-82985076
ENSG00000189308.11	83010284-83010684
ENSG00000189308.11	83012592-83012992
ENSG00000189308.11	83012687-83013087
ENSG00000189308.11	83012711-83013111
ENSG00000189308.11	83012726-83013126
ENSG00000169862.20	11564744-11565144
ENSG00000169862.20	11564856-11565256
ENSG00000169862.20	11588535-11588935
ENSG00000169862.20	11588546-11588946
ENSG00000169862.20	11588611-11589011
ENSG00000169862.20	11588648-11589048
ENSG00000169862.20	11731936-11732336
ENSG00000169862.20	11732072-11732472
ENSG00000145794.17	127290659-127291059
ENSG00000145794.17	127290856-127291256
ENSG00000145794.17	127299796-127300196
ENSG00000145794.17	127299846-127300246
ENSG00000145794.17	127331091-127331491
ENSG00000145794.17	127331224-127331624
ENSG00000015479.20	139293375-139293775
ENSG00000015479.20	139293474-139293874
ENSG00000015479.20	139293480-139293880
ENSG00000015479.20	139293516-139293916
ENSG00000015479.20	139293518-139293918
ENSG00000015479.20	139293519-139293919
ENSG00000015479.20	139293522-139293922
ENSG00000015479.20	139293530-139293930
ENSG00000015479.20	139293537-139293937
ENSG00000015479.20	139293540-139293940
ENSG00000015479.20	139293542-139293942
ENSG00000015479.20	139293543-139293943
ENSG00000015479.20	139293550-139293950
ENSG00000015479.20	139293572-139293972
ENSG00000015479.20	139293578-139293978
ENSG00000015479.20	139293605-139294005
ENSG00000015479.20	139293752-139294152
ENSG00000015479.20	139293765-139294165
ENSG00000015479.20	139307039-139307439
ENSG00000015479.20	139307041-139307441
ENSG00000015479.20	139314475-139314875
ENSG00000015479.20	139314536-139314936
ENSG00000196923.14	177490810-177491210
ENSG00000196923.14	177490825-177491225
ENSG00000196923.14	177490872-177491272
ENSG00000196923.14	177490873-177491273
ENSG00000196923.14	177490896-177491296
ENSG00000196923.14	177490946-177491346
ENSG00000196923.14	177491204-177491604
ENSG00000196923.14	177491220-177491620
ENSG00000196923.14	177491559-177491959
ENSG00000196923.14	177491607-177492007
ENSG00000196923.14	177491725-177492125
ENSG00000196923.14	177491776-177492176
ENSG00000196923.14	177491795-177492195
ENSG00000131446.17	180792862-180793262
ENSG00000131446.17	180792897-180793297
ENSG00000131446.17	180802480-180802880
ENSG00000131446.17	180802567-180802967
ENSG00000131446.17	180802594-180802994
ENSG00000131446.17	180802603-180803003
ENSG00000131446.17	180802606-180803006
ENSG00000131446.17	180808302-180808702
ENSG00000131446.17	180808326-180808726
ENSG00000131446.17	180808394-180808794
ENSG00000131446.17	180808397-180808797
ENSG00000131446.17	180808448-180808848
ENSG00000131446.17	180808558-180808958
ENSG00000131446.17	180808636-180809036
ENSG00000131446.17	180808638-180809038
ENSG00000131446.17	180808639-180809039
ENSG00000131446.17	180808641-180809041
ENSG00000131446.17	180808644-180809044
ENSG00000177058.12	55697646-55698046
ENSG00000177058.12	55697679-55698079
ENSG00000177058.12	55697759-55698159
ENSG00000177058.12	55697792-55698192
ENSG00000177058.12	55697794-55698194
ENSG00000177058.12	55703940-55704340
ENSG00000177058.12	55704075-55704475
ENSG00000177058.12	55704122-55704522
ENSG00000177058.12	55704234-55704634
ENSG00000177058.12	55711152-55711552
ENSG00000177058.12	55711252-55711652
ENSG00000177058.12	55711299-55711699
ENSG00000083312.19	72816365-72816765
ENSG00000083312.19	72816424-72816824
ENSG00000083312.19	72816449-72816849
ENSG00000083312.19	72816461-72816861
ENSG00000083312.19	72816469-72816869
ENSG00000083312.19	72816472-72816872
ENSG00000083312.19	72816495-72816895
ENSG00000083312.19	72816552-72816952
ENSG00000083312.19	72816593-72816993
ENSG00000083312.19	72847921-72848321
ENSG00000083312.19	72847970-72848370
ENSG00000083312.19	72847984-72848384
ENSG00000083312.19	72848051-72848451
ENSG00000083312.19	72848185-72848585
ENSG00000083312.19	72848298-72848698
ENSG00000237187.9	93411202-93411602
ENSG00000237187.9	93411247-93411647
ENSG00000237187.9	93411309-93411709
ENSG00000237187.9	93422051-93422451
ENSG00000237187.9	93422055-93422455
ENSG00000237187.9	93422110-93422510
ENSG00000237187.9	93422135-93422535
ENSG00000237187.9	93422169-93422569
ENSG00000237187.9	93422213-93422613
ENSG00000237187.9	93422221-93422621
ENSG00000237187.9	93422223-93422623
ENSG00000237187.9	93553553-93553953
ENSG00000237187.9	93553561-93553961
ENSG00000237187.9	93553663-93554063
ENSG00000130349.10	107027999-107028399
ENSG00000130349.10	107028013-107028413
ENSG00000130349.10	107028071-107028471
ENSG00000130349.10	107029825-107030225
ENSG00000130349.10	107029907-107030307
ENSG00000130349.10	107039549-107039949
ENSG00000055208.19	149317815-149318215
ENSG00000055208.19	149342457-149342857
ENSG00000055208.19	149342485-149342885
ENSG00000055208.19	149342613-149343013
ENSG00000055208.19	149342633-149343033
ENSG00000055208.19	149369709-149370109
ENSG00000055208.19	149369875-149370275
ENSG00000055208.19	149369899-149370299
ENSG00000204576.12	30557080-30557480
ENSG00000204576.12	30557095-30557495
ENSG00000204576.12	30557114-30557514
ENSG00000204576.12	30557116-30557516
ENSG00000204576.12	30557147-30557547
ENSG00000204576.12	30557250-30557650
ENSG00000204576.12	30561128-30561528
ENSG00000204576.12	30561308-30561708
ENSG00000204576.12	30561634-30562034
ENSG00000204536.15	31156744-31157144
ENSG00000204536.15	31156823-31157223
ENSG00000204536.15	31156889-31157289
ENSG00000204536.15	31156955-31157355
ENSG00000204536.15	31157158-31157558
ENSG00000204536.15	31157185-31157585
ENSG00000204536.15	31157300-31157700
ENSG00000204536.15	31157799-31158199
ENSG00000204536.15	31157811-31158211
ENSG00000204536.15	31157873-31158273
ENSG00000204536.15	31157881-31158281
ENSG00000204536.15	31157939-31158339
ENSG00000204536.15	31157960-31158360
ENSG00000204536.15	31157967-31158367
ENSG00000204536.15	31157971-31158371
ENSG00000204536.15	31157972-31158372
ENSG00000204536.15	31157989-31158389
ENSG00000204536.15	31157991-31158391
ENSG00000204536.15	31157994-31158394
ENSG00000204536.15	31158001-31158401
ENSG00000204536.15	31158003-31158403
ENSG00000204536.15	31158005-31158405
ENSG00000204536.15	31158009-31158409
ENSG00000204536.15	31158014-31158414
ENSG00000204536.15	31158017-31158417
ENSG00000204536.15	31158038-31158438
ENSG00000153046.18	4772841-4773241
ENSG00000153046.18	4772978-4773378
ENSG00000153046.18	4776607-4777007
ENSG00000153046.18	4891513-4891913
ENSG00000123552.18	99509921-99510321
ENSG00000123552.18	99510030-99510430
ENSG00000123552.18	99514654-99515054
ENSG00000123552.18	99515176-99515576
ENSG00000123552.18	99515192-99515592
ENSG00000123552.18	99515218-99515618
ENSG00000123552.18	99515222-99515622
ENSG00000123552.18	99515223-99515623
ENSG00000123552.18	99515289-99515689
ENSG00000146540.15	1009750-1010150
ENSG00000146540.15	1009943-1010343
ENSG00000146540.15	1028058-1028458
ENSG00000146540.15	1028139-1028539
ENSG00000146540.15	1028152-1028552
ENSG00000091129.22	108223525-108223925
ENSG00000091129.22	108223636-108224036
ENSG00000091129.22	108225445-108225845
ENSG00000091129.22	108225501-108225901
ENSG00000091129.22	108226008-108226408
ENSG00000091129.22	108226178-108226578
ENSG00000091129.22	108312465-108312865
ENSG00000091129.22	108312531-108312931
ENSG00000091129.22	108328221-108328621
ENSG00000091129.22	108328288-108328688
ENSG00000091129.22	108399236-108399636
ENSG00000091129.22	108399393-108399793
ENSG00000146540.15	1127057-1127457
ENSG00000146540.15	1127186-1127586
ENSG00000146540.15	1127188-1127588
ENSG00000106025.9	120839827-120840227
ENSG00000106025.9	120839909-120840309
ENSG00000106025.9	120856498-120856898
ENSG00000106025.9	120856633-120857033
ENSG00000106028.11	141738020-141738420
ENSG00000106028.11	141738030-141738430
ENSG00000106028.11	141738031-141738431
ENSG00000106028.11	141738037-141738437
ENSG00000106028.11	141738052-141738452
ENSG00000106028.11	141738057-141738457
ENSG00000106028.11	141738134-141738534
ENSG00000106028.11	141738146-141738546
ENSG00000106028.11	141738158-141738558
ENSG00000106028.11	141738165-141738565
ENSG00000106028.11	141738191-141738591
ENSG00000106028.11	141738196-141738596
ENSG00000106028.11	141738200-141738600
ENSG00000106028.11	141738201-141738601
ENSG00000106028.11	141738206-141738606
ENSG00000106028.11	141738209-141738609
ENSG00000106028.11	141738210-141738610
ENSG00000106028.11	141738303-141738703
ENSG00000106028.11	141738375-141738775
ENSG00000106028.11	141738393-141738793
ENSG00000106028.11	141738400-141738800
ENSG00000106028.11	141738403-141738803
ENSG00000106028.11	141738407-141738807
ENSG00000106028.11	141738478-141738878
ENSG00000106028.11	141738744-141739144
ENSG00000106028.11	141738798-141739198
ENSG00000106028.11	141738924-141739324
ENSG00000106028.11	141738990-141739390
ENSG00000106012.18	2558821-2559221
ENSG00000106012.18	2558848-2559248
ENSG00000106012.18	2558852-2559252
ENSG00000106012.18	2558857-2559257
ENSG00000106012.18	2558879-2559279
ENSG00000106012.18	2558938-2559338
ENSG00000106012.18	2558949-2559349
ENSG00000106012.18	2559017-2559417
ENSG00000106012.18	2566916-2567316
ENSG00000106012.18	2566963-2567363
ENSG00000106012.18	2568754-2569154
ENSG00000106012.18	2568799-2569199
ENSG00000106100.11	30459701-30460101
ENSG00000106100.11	30459841-30460241
ENSG00000106100.11	30463409-30463809
ENSG00000106100.11	30463498-30463898
ENSG00000106100.11	30478406-30478806
ENSG00000106100.11	30478436-30478836
ENSG00000106100.11	30478528-30478928
ENSG00000106100.11	30478538-30478938
ENSG00000106100.11	30478542-30478942
ENSG00000106100.11	30478584-30478984
ENSG00000122507.21	33351019-33351419
ENSG00000122507.21	33351123-33351523
ENSG00000122507.21	33351727-33352127
ENSG00000122507.21	33351849-33352249
ENSG00000122507.21	33352659-33353059
ENSG00000122507.21	33352673-33353073
ENSG00000136280.17	44999657-45000057
ENSG00000136280.17	44999988-45000388
ENSG00000136280.17	44999989-45000389
ENSG00000136280.17	45000001-45000401
ENSG00000136280.17	45000049-45000449
ENSG00000136280.17	45000100-45000500
ENSG00000136280.17	45000163-45000563
ENSG00000136280.17	45038053-45038453
ENSG00000136280.17	45038061-45038461
ENSG00000136280.17	45038226-45038626
ENSG00000219545.12	7640511-7640911
ENSG00000219545.12	7640523-7640923
ENSG00000219545.12	7640552-7640952
ENSG00000219545.12	7640557-7640957
ENSG00000219545.12	7640576-7640976
ENSG00000219545.12	7640584-7640984
ENSG00000219545.12	7640594-7640994
ENSG00000219545.12	7640616-7641016
ENSG00000219545.12	7640621-7641021
ENSG00000219545.12	7640628-7641028
ENSG00000219545.12	7640749-7641149
ENSG00000219545.12	7640772-7641172
ENSG00000219545.12	7673109-7673509
ENSG00000219545.12	7673119-7673519
ENSG00000219545.12	7673122-7673522
ENSG00000219545.12	7673253-7673653
ENSG00000219545.12	7801470-7801870
ENSG00000219545.12	7801543-7801943
ENSG00000219545.12	7877081-7877481
ENSG00000219545.12	7877243-7877643
ENSG00000165102.15	43146748-43147148
ENSG00000165102.15	43146863-43147263
ENSG00000165102.15	43158375-43158775
ENSG00000165102.15	43158511-43158911
ENSG00000130558.20	135075466-135075866
ENSG00000130558.20	135075602-135076002
ENSG00000130558.20	135087939-135088339
ENSG00000130558.20	135089995-135090395
ENSG00000130558.20	135090144-135090544
ENSG00000188352.13	20658491-20658891
ENSG00000188352.13	20658626-20659026
ENSG00000188352.13	20715122-20715522
ENSG00000188352.13	20715210-20715610
ENSG00000147853.17	4722306-4722706
ENSG00000147853.17	4722425-4722825
ENSG00000147853.17	4740737-4741137
ENSG00000106772.19	76655223-76655623
ENSG00000106772.19	76655302-76655702
ENSG00000106772.19	76691780-76692180
ENSG00000106772.19	76691810-76692210
ENSG00000106772.19	76691874-76692274
ENSG00000106772.19	76691967-76692367
ENSG00000106772.19	76691993-76692393
ENSG00000106772.19	76692000-76692400
ENSG00000106772.19	76703137-76703537
ENSG00000106772.19	76703238-76703638
ENSG00000185920.18	95485485-95485885
ENSG00000185920.18	95485624-95486024
ENSG00000185920.18	95485674-95486074
ENSG00000185920.18	95505594-95505994
ENSG00000185920.18	95505675-95506075
ENSG00000185920.18	95505678-95506078
ENSG00000185920.18	95506035-95506435
ENSG00000185920.18	95506207-95506607
ENSG00000185920.18	95506399-95506799
ENSG00000101871.17	10567253-10567653
ENSG00000101871.17	10567347-10567747
ENSG00000101871.17	10567403-10567803
ENSG00000101871.17	10620090-10620490
ENSG00000101871.17	10620219-10620619
ENSG00000101871.17	10677265-10677665
ENSG00000156925.12	137568702-137569102
ENSG00000156925.12	137568865-137569265
ENSG00000156925.12	137573769-137574169
ENSG00000156925.12	137573793-137574193
ENSG00000156925.12	137573846-137574246
ENSG00000156925.12	137573919-137574319
ENSG00000156925.12	137576922-137577322
ENSG00000147050.17	44873598-44873998
ENSG00000147050.17	44873604-44874004
ENSG00000147050.17	44873679-44874079
ENSG00000147050.17	44873724-44874124
ENSG00000147050.17	44873787-44874187
ENSG00000147050.17	44961084-44961484
ENSG00000147050.17	44961192-44961592
ENSG00000235437.9	63432164-63432564
ENSG00000235437.9	63432291-63432691
ENSG00000235437.9	63516710-63517110
ENSG00000235437.9	63516882-63517282
ENSG00000235437.9	63516900-63517300
ENSG00000235437.9	63560632-63561032
ENSG00000235437.9	63560715-63561115
ENSG00000235437.9	63560716-63561116
ENSG00000235437.9	63560742-63561142
ENSG00000235437.9	63560748-63561148
ENSG00000235437.9	63560804-63561204
ENSG00000235437.9	63560823-63561223
ENSG00000235437.9	63560830-63561230
ENSG00000241859.7	13704235-13704635
ENSG00000241859.7	13754440-13754840
ENSG00000241859.7	13754589-13754989
ENSG00000241859.7	13790719-13791119
ENSG00000241859.7	13790766-13791166
